iteration,error_l2,error_relative,mix
0,69.20161574915139,0.905500341235358,0.3
1,36.101519516197186,0.48068839990672085,0.15
2,34.99332743744147,0.4730864176980087,0.15
3,26.367277215954072,0.33375575490466997,0.15
4,17.951583272149467,0.23610648131690137,0.075
5,8.814415426811992,0.1173612081486671,0.0375
6,4.327389906178739,0.05772711120042781,0.01875
7,3.7677537108892616,0.050958485793203126,0.01875
8,2.3115787534745365,0.03151927950027745,0.009375
9,2.2416370122386176,0.030798610555302586,0.009375
10,1.898621923373178,0.026294878036686592,0.009375
11,1.1343616027194097,0.015773228947911215,0.0046875
12,0.5681264977313133,0.007913918407838614,0.00234375
13,0.28133232571065014,0.00392231796730579,0.001171875
14,0.24916024240488957,0.003476909718925914,0.001171875
15,0.23579985094549333,0.003292572488069336,0.001171875
16,0.1425389883312749,0.001991174324338299,0.0005859375
17,0.11880125778518018,0.0016596363888817587,0.0005859375
18,0.06251658061722466,0.0008735391055717945,0.00029296875
19,0.03557716836663554,0.0004971692123266153,0.000146484375
