{
  "mean_abs_alpha": 0.10363122158664016,
  "std_alpha": 0.6549562854972513,
  "liquidity_proxy": 0.9422564723976882,
  "final_error": 0.03557716836663554,
  "final_error_relative": 0.0004971692123266153,
  "iterations": 20,
  "mix_initial": 0.3,
  "mix_final": 0.000146484375,
  "mix_min": 0.0001,
  "mix_history": [
    0.3,
    0.15,
    0.15,
    0.15,
    0.075,
    0.0375,
    0.01875,
    0.01875,
    0.009375,
    0.009375,
    0.009375,
    0.0046875,
    0.00234375,
    0.001171875,
    0.001171875,
    0.001171875,
    0.0005859375,
    0.0005859375,
    0.00029296875,
    0.000146484375
  ],
  "relative_errors": [
    0.905500341235358,
    0.48068839990672085,
    0.4730864176980087,
    0.33375575490466997,
    0.23610648131690137,
    0.1173612081486671,
    0.05772711120042781,
    0.050958485793203126,
    0.03151927950027745,
    0.030798610555302586,
    0.026294878036686592,
    0.015773228947911215,
    0.007913918407838614,
    0.00392231796730579,
    0.003476909718925914,
    0.003292572488069336,
    0.001991174324338299,
    0.0016596363888817587,
    0.0008735391055717945,
    0.0004971692123266153
  ],
  "stalled": false,
  "price_mean": 0.0011271772696482426,
  "price_std": 0.0004756411241707533,
  "price_min": -0.0012583956122398376,
  "price_max": 0.001256205141544342,
  "price_span": 0.0025146007537841797
}