{
  "iterations": 20,
  "final_error": 0.02067800607060154,
  "mean_abs_alpha": 0.010487497926932106,
  "std_alpha": 0.2918506547739256,
  "liquidity_proxy": 0.9945815148192323,
  "final_error_relative": 0.0002995921229483791,
  "mix_initial": 0.3,
  "mix_final": 0.000146484375,
  "mix_min": 0.0001,
  "mix_history": [
    0.3,
    0.15,
    0.15,
    0.075,
    0.0375,
    0.01875,
    0.01875,
    0.009375,
    0.009375,
    0.0046875,
    0.0046875,
    0.0046875,
    0.00234375,
    0.001171875,
    0.001171875,
    0.001171875,
    0.0005859375,
    0.00029296875,
    0.00029296875,
    0.000146484375
  ],
  "relative_errors": [
    0.8114709387924112,
    0.3598447263221643,
    0.3190080407804606,
    0.18114033621285713,
    0.11129974774001344,
    0.05529853811434166,
    0.045894508831670386,
    0.024706793047123175,
    0.021982548800407994,
    0.013030763968776907,
    0.011744263990858598,
    0.00990463371372824,
    0.0049475295813516005,
    0.002846664049099098,
    0.002603269862304706,
    0.002358076287017452,
    0.001188204803093392,
    0.0008445634322333808,
    0.0005838971694565662,
    0.0002995921229483791
  ],
  "stalled": false,
  "supply_min": -5.036329758651819e-05,
  "supply_max": 4.462570215426131e-05,
  "supply_mean": 2.872058735060939e-21,
  "supply_scale": 5e-05,
  "price_sensitivity": 30.0,
  "price_bracket_low": -1.0,
  "price_bracket_high": 1.0,
  "price_mean": 4.1811967527629523e-05,
  "price_std": 7.839716850229456e-05,
  "price_min": -9.482353925704956e-05,
  "price_max": 9.33334231376648e-05,
  "price_span": 0.00018815696239471436
}