{
  "nu": 0.00183,
  "phi": 0.067908,
  "gamma_T": 1.120001,
  "median_daily_std": 0.0427781098961172,
  "median_annual_vol": 0.6790814420551047,
  "quantiles_annual_vol": {
    "p25": 0.4465911405431303,
    "p50": 0.6790814420551047,
    "p75": 1.1200012934120362
  }
}