{
  "assets": 5354,
  "observations_total": 3166159,
  "mean_daily_return_median": 0.00024673893411802944,
  "mean_daily_return_mean": 0.012396519309660813,
  "annualised_vol_median": 1.756220925984057,
  "annualised_vol_mean": 5.267539806094341,
  "annualised_vol_quantiles": {
    "10pct": 0.45528918255291145,
    "25pct": 0.7501209971915075,
    "50pct": 1.756220925984057,
    "75pct": 5.556824824556857,
    "90pct": 13.558085645528534
  },
  "roll_vol20_mean": 1.0886122628766162
}