quantile,volume_shares,dollar_volume,spread_rel
0.1,261.4988885360432,4913.9108888888895,1e-06
0.25,3966.6666666666665,35932.32611111111,1e-06
0.5,200790.8188585608,274360.43716981134,0.01445086705202307
0.75,3643635.3683431954,4134737.8666666667,0.07142857142857138
0.9,28010774.948168643,37352291.08881776,0.14681452364906722
