{
  "median_daily_std": 0.0445486261341157,
  "median_annual_vol": 0.7071875160027775,
  "upper_quartile_vol": 1.137724647706284,
  "nu": 0.001985,
  "phi": 0.035359,
  "gamma_T": 0.568862
}