{
  "iterations": 21,
  "final_error": 0.03527439095809132,
  "mean_abs_alpha": 0.12409421392730807,
  "std_alpha": 0.8302346260285604,
  "liquidity_proxy": 0.9416662582262005,
  "final_error_relative": 0.0003465209075443155,
  "mix_initial": 0.3,
  "mix_final": 0.000146484375,
  "mix_min": 0.0001,
  "mix_history": [
    0.3,
    0.15,
    0.15,
    0.15,
    0.15,
    0.075,
    0.075,
    0.075,
    0.075,
    0.075,
    0.0375,
    0.01875,
    0.01875,
    0.009375,
    0.009375,
    0.0046875,
    0.00234375,
    0.001171875,
    0.0005859375,
    0.00029296875,
    0.000146484375
  ],
  "relative_errors": [
    0.9048649099306021,
    0.49048027121932847,
    0.4708783168155209,
    0.28947876043398957,
    0.22778441388933998,
    0.1899300927925276,
    0.19567953896914542,
    0.16554780786855156,
    0.12055453789770547,
    0.09931604189459482,
    0.0866553684932713,
    0.044563088343352056,
    0.04404899298291254,
    0.02239866163734475,
    0.021333967058504915,
    0.011133127080379439,
    0.005552159597308496,
    0.002773704110239507,
    0.0013857491163124466,
    0.0006918382884072981,
    0.0003465209075443155
  ],
  "stalled": false,
  "supply_min": -3.570497414830284e-05,
  "supply_max": 5.087472472171623e-05,
  "supply_mean": 2.872058735060939e-21,
  "supply_scale": 5e-05,
  "price_sensitivity": 30.0,
  "price_bracket_low": -1.0,
  "price_bracket_high": 1.0,
  "price_mean": -0.0010092261907280675,
  "price_std": 0.0007111268855174381,
  "price_min": -0.0012583956122398376,
  "price_max": 0.0012564882636070251,
  "price_span": 0.002514883875846863
}