{
  "median_daily_std": 0.1106315194628902,
  "median_annual_vol": 1.756220925984057,
  "upper_quartile_vol": 5.556824824556857,
  "nu": 0.012239,
  "phi": 0.087811,
  "gamma_T": 2.778412
}