{
  "nu": 1.3e-05,
  "phi": 5.3e-05,
  "eta0": 0.000555,
  "eta1": 0.029442,
  "gamma_T": 0.099771,
  "spread_quantiles": {
    "25pct": 0.0005545869305693207,
    "50pct": 0.007263922518159677,
    "75pct": 0.02999634235552305,
    "90pct": 0.09977142857142854
  },
  "avg_volume_shares": 1565691.0421512215,
  "avg_dollar_volume": 16929358.97101032
}