{
  "nu": 5.2e-05,
  "phi": 0.000209,
  "eta0": 0.0001,
  "eta1": 0.071428,
  "gamma_T": 0.146815,
  "spread_quantiles": {
    "25pct": 1e-06,
    "50pct": 0.01445086705202307,
    "75pct": 0.07142857142857138,
    "90pct": 0.14681452364906722
  },
  "avg_volume_shares": 21638305.445319656,
  "avg_dollar_volume": 77954629.61743869
}