{
  "iterations": 120,
  "final_error": 113.1437996319017,
  "mean_abs_alpha": 0.8181875258917322,
  "std_alpha": 3.3190957227011433,
  "liquidity_proxy": 0.6068200556999621,
  "price_mean": -5.502418646749282,
  "price_std": 0.3636086248062095
}