{
  "grid": {
    "x_min": -5.0,
    "x_max": 5.0,
    "nx": 201,
    "T": 0.5,
    "nt": 150,
    "bc": "neumann"
  },
  "params": {
    "nu": 0.012239,
    "phi": 0.087811,
    "gamma_T": 2.778412,
    "eta0": 0.0001,
    "eta1": 0.071428,
    "m0_mean": 0.0,
    "m0_std": 1.0
  },
  "solver": {
    "max_iter": 200,
    "tol": 1e-06,
    "relative_tol": 0.0005,
    "mix": 0.3,
    "mix_min": 0.0001,
    "mix_decay": 0.5,
    "stagnation_tol": 0.02,
    "use_dynamic_eta": true,
    "supply": [
      -3.6329758651818284e-07,
      -5.036329758651819e-05,
      -5.036329758651819e-05,
      -5.036329758651819e-05,
      -5.036329758651819e-05,
      -5.036329758651819e-05,
      -5.036329758651819e-05,
      -5.036329758651819e-05,
      -5.036329758651819e-05,
      -5.036329758651819e-05,
      -5.036329758651819e-05,
      -5.036329758651819e-05,
      -5.036329758651819e-05,
      -5.036329758651819e-05,
      -5.036329758651819e-05,
      -5.036329758651819e-05,
      -4.9373053138053104e-05,
      -4.8382808689588024e-05,
      -4.739256424112294e-05,
      -4.640231979265786e-05,
      -4.541207534419278e-05,
      -4.4421830895727697e-05,
      -4.343158644726261e-05,
      -4.244134199879753e-05,
      -4.145109755033245e-05,
      -4.046085310186736e-05,
      -3.947060865340228e-05,
      -3.84803642049372e-05,
      -3.749011975647212e-05,
      -3.6499875308007035e-05,
      -3.5509630859541955e-05,
      -3.451938641107687e-05,
      -3.352914196261179e-05,
      -3.253889751414671e-05,
      -3.154865306568163e-05,
      -3.055840861721654e-05,
      -2.956816416875146e-05,
      -2.8577919720286384e-05,
      -2.765353491689403e-05,
      -2.6795009758574408e-05,
      -2.5936484600254785e-05,
      -2.5077959441935155e-05,
      -2.4219434283615535e-05,
      -2.3360909125295912e-05,
      -2.2502383966976292e-05,
      -2.1643858808656662e-05,
      -2.0785333650337043e-05,
      -1.992680849201742e-05,
      -1.9068283333697803e-05,
      -1.820975817537818e-05,
      -1.7351233017058553e-05,
      -1.649270785873893e-05,
      -1.563418270041931e-05,
      -1.4775657542099691e-05,
      -1.3917132383780063e-05,
      -1.305860722546044e-05,
      -1.220008206714082e-05,
      -1.13415569088212e-05,
      -1.048303175050157e-05,
      -9.62450659218195e-06,
      -8.76598143386233e-06,
      -7.907456275542708e-06,
      -7.0489311172230785e-06,
      -6.190405958903459e-06,
      -5.331880800583838e-06,
      -4.4733556422642184e-06,
      -3.6148304839445953e-06,
      -2.756305325624967e-06,
      -1.8977801673053495e-06,
      -1.0392550089857265e-06,
      -1.8072985066610342e-07,
      6.777953076535196e-07,
      1.5363204659731424e-06,
      2.3948456242927653e-06,
      3.2533707826123834e-06,
      4.111895940932007e-06,
      4.746032290634832e-06,
      5.380168640337656e-06,
      6.01430499004047e-06,
      6.648441339743294e-06,
      7.282577689446107e-06,
      7.916714039148931e-06,
      8.550850388851757e-06,
      9.184986738554572e-06,
      9.819123088257396e-06,
      1.0453259437960208e-05,
      1.1087395787663032e-05,
      1.1721532137365856e-05,
      1.2355668487068673e-05,
      1.2989804836771497e-05,
      1.3623941186474321e-05,
      1.4258077536177133e-05,
      1.4892213885879957e-05,
      1.5526350235582774e-05,
      1.6160486585285598e-05,
      1.6794622934988422e-05,
      1.7428759284691236e-05,
      1.806289563439406e-05,
      1.869703198409687e-05,
      1.9331168333799697e-05,
      1.996530468350252e-05,
      2.0599441033205335e-05,
      2.123357738290816e-05,
      2.1867713732610983e-05,
      2.2501850082313797e-05,
      2.313598643201662e-05,
      2.3770122781719438e-05,
      2.440425913142226e-05,
      2.5038395481125082e-05,
      2.5672531830827896e-05,
      2.630666818053072e-05,
      2.694080453023355e-05,
      2.757494087993636e-05,
      2.826386890144274e-05,
      2.900758859475267e-05,
      2.9751308288062606e-05,
      3.0495027981372548e-05,
      3.1238747674682476e-05,
      3.198246736799242e-05,
      3.2726187061302346e-05,
      3.346990675461229e-05,
      3.421362644792223e-05,
      3.495734614123215e-05,
      3.570106583454209e-05,
      3.644478552785203e-05,
      3.718850522116196e-05,
      3.79322249144719e-05,
      3.867594460778183e-05,
      3.9419664301091766e-05,
      4.016338399440171e-05,
      4.0907103687711635e-05,
      4.165082338102158e-05,
      4.2394543074331505e-05,
      4.3138262767641446e-05,
      4.388198246095139e-05,
      4.462570215426131e-05,
      4.462570215426131e-05,
      4.462570215426131e-05,
      4.462570215426131e-05,
      4.462570215426131e-05,
      4.462570215426131e-05,
      4.462570215426131e-05,
      4.462570215426131e-05,
      4.462570215426131e-05,
      4.462570215426131e-05,
      4.462570215426131e-05,
      4.462570215426131e-05,
      4.462570215426131e-05,
      4.462570215426131e-05,
      4.462570215426131e-05,
      -3.6329758651818284e-07
    ],
    "price_sensitivity": 30.0,
    "price_bracket": [
      -1.0,
      1.0
    ],
    "compute_price": true,
    "supply_scale": 5e-05
  }
}