{
  "mean_abs_alpha": 0.004068104233730721,
  "std_alpha": 0.036669627564057915,
  "liquidity_proxy": 0.9964298740739191,
  "final_error": 0.02652987621790343,
  "final_error_relative": 0.0002535682873021127,
  "iterations": 26,
  "mix_initial": 0.3,
  "mix_final": 0.000146484375,
  "mix_min": 0.0001,
  "mix_history": [
    0.3,
    0.3,
    0.15,
    0.15,
    0.15,
    0.15,
    0.15,
    0.15,
    0.075,
    0.075,
    0.0375,
    0.0375,
    0.01875,
    0.01875,
    0.009375,
    0.009375,
    0.0046875,
    0.0046875,
    0.00234375,
    0.00234375,
    0.00234375,
    0.001171875,
    0.0005859375,
    0.0005859375,
    0.00029296875,
    0.000146484375
  ],
  "relative_errors": [
    0.8914704540726548,
    0.7593571239245293,
    0.3986500439128752,
    0.38892917996614496,
    0.3537858957013859,
    0.30308003933204636,
    0.2347874627655898,
    0.17262088100667458,
    0.10607134004188683,
    0.06902636743151265,
    0.06121959473619666,
    0.0337520489056332,
    0.03066187580964485,
    0.019333937896624055,
    0.016381879773602594,
    0.015974442785984512,
    0.008202078153559297,
    0.007861404798111083,
    0.00406783870848162,
    0.0025157284488179815,
    0.002178684555897214,
    0.0010688028112113442,
    0.0010053926833026121,
    0.000534981999834401,
    0.0005058803948640695,
    0.0002535682873021127
  ],
  "stalled": false,
  "price_mean": -4.8689050784963644e-05,
  "price_std": 6.450352680973802e-05,
  "price_min": -9.482353925704956e-05,
  "price_max": 9.334832429885864e-05,
  "price_span": 0.0001881718635559082
}